Year,Country,State,Type,Commodity,Value ($m)
2010,Australia,New South Wales,Crops,Barley,230
2010,Australia,New South Wales,Crops,Maize,0
2010,Australia,New South Wales,Crops,Oats,40.8
2010,Australia,New South Wales,Crops,Rice,88.9
2010,Australia,New South Wales,Crops,Sorghum,123.7
2010,Australia,New South Wales,Crops,Wheat,1154.7
2010,Australia,New South Wales,Livestock,Eggs,145.3
2010,Australia,New South Wales,Livestock,Milk,522.4
2010,Australia,New South Wales,Livestock,Wool,641.1
2010,Australia,New South Wales,Livestock,Cattle and Calves,1487.6
2010,Australia,New South Wales,Livestock,Pigs,214.8
2010,Australia,New South Wales,Livestock,Poultry,572.6
2010,Australia,New South Wales,Livestock,Sheep and Lambs,584.3
2010,Australia,Victoria,Crops,Barley,332.5
2010,Australia,Victoria,Crops,Maize,0
2010,Australia,Victoria,Crops,Oats,57.2
2010,Australia,Victoria,Crops,Rice,0.1
2010,Australia,Victoria,Crops,Sorghum,0
2010,Australia,Victoria,Crops,Wheat,648.2
2010,Australia,Victoria,Livestock,Eggs,108.7
2010,Australia,Victoria,Livestock,Milk,1961.9
2010,Australia,Victoria,Livestock,Wool,435.1
2010,Australia,Victoria,Livestock,Cattle and Calves,1119.2
2010,Australia,Victoria,Livestock,Pigs,166.7
2010,Australia,Victoria,Livestock,Poultry,483.4
2010,Australia,Victoria,Livestock,Sheep and Lambs,986.6
2010,Australia,Queensland,Crops,Barley,24.1
2010,Australia,Queensland,Crops,Maize,0
2010,Australia,Queensland,Crops,Oats,1.3
2010,Australia,Queensland,Crops,Rice,0.9
2010,Australia,Queensland,Crops,Sorghum,171.9
2010,Australia,Queensland,Crops,Wheat,301.1
2010,Australia,Queensland,Livestock,Eggs,110.3
2010,Australia,Queensland,Livestock,Milk,296.2
2010,Australia,Queensland,Livestock,Wool,87.2
2010,Australia,Queensland,Livestock,Cattle and Calves,3174.3
2010,Australia,Queensland,Livestock,Pigs,230.8
2010,Australia,Queensland,Livestock,Poultry,358.5
2010,Australia,Queensland,Livestock,Sheep and Lambs,45.1
2010,Australia,South Australia,Crops,Barley,313.7
2010,Australia,South Australia,Crops,Maize,0
2010,Australia,South Australia,Crops,Oats,15.7
2010,Australia,South Australia,Crops,Rice,0
2010,Australia,South Australia,Crops,Sorghum,0
2010,Australia,South Australia,Crops,Wheat,839.3
2010,Australia,South Australia,Livestock,Eggs,12.3
2010,Australia,South Australia,Livestock,Milk,209.6
2010,Australia,South Australia,Livestock,Wool,284
2010,Australia,South Australia,Livestock,Cattle and Calves,308.2
2010,Australia,South Australia,Livestock,Pigs,0
2010,Australia,South Australia,Livestock,Poultry,0
2010,Australia,South Australia,Livestock,Sheep and Lambs,430.8
2010,Australia,Western Australia,Crops,Barley,447.9
2010,Australia,Western Australia,Crops,Maize,0
2010,Australia,Western Australia,Crops,Oats,69.5
2010,Australia,Western Australia,Crops,Rice,0
2010,Australia,Western Australia,Crops,Sorghum,0
2010,Australia,Western Australia,Crops,Wheat,1815.3
2010,Australia,Western Australia,Livestock,Eggs,38.8
2010,Australia,Western Australia,Livestock,Milk,148.6
2010,Australia,Western Australia,Livestock,Wool,415.4
2010,Australia,Western Australia,Livestock,Cattle and Calves,318.8
2010,Australia,Western Australia,Livestock,Pigs,0
2010,Australia,Western Australia,Livestock,Poultry,0
2010,Australia,Western Australia,Livestock,Sheep and Lambs,240.9
2010,Australia,Tasmania,Crops,Barley,8
2010,Australia,Tasmania,Crops,Maize,0
2010,Australia,Tasmania,Crops,Oats,1.2
2010,Australia,Tasmania,Crops,Rice,0
2010,Australia,Tasmania,Crops,Sorghum,0
2010,Australia,Tasmania,Crops,Wheat,6.8
2010,Australia,Tasmania,Livestock,Eggs,8.7
2010,Australia,Tasmania,Livestock,Milk,232.6
2010,Australia,Tasmania,Livestock,Wool,64.6
2010,Australia,Tasmania,Livestock,Cattle and Calves,142.5
2010,Australia,Tasmania,Livestock,Pigs,0
2010,Australia,Tasmania,Livestock,Poultry,0
2010,Australia,Tasmania,Livestock,Sheep and Lambs,41.1
2010,Australia,Northern Territory,Crops,Barley,0
2010,Australia,Northern Territory,Crops,Maize,0
2010,Australia,Northern Territory,Crops,Oats,0
2010,Australia,Northern Territory,Crops,Rice,0
2010,Australia,Northern Territory,Crops,Sorghum,0
2010,Australia,Northern Territory,Crops,Wheat,0
2010,Australia,Northern Territory,Livestock,Eggs,0
2010,Australia,Northern Territory,Livestock,Milk,0
2010,Australia,Northern Territory,Livestock,Wool,0
2010,Australia,Northern Territory,Livestock,Cattle and Calves,0
2010,Australia,Northern Territory,Livestock,Pigs,0
2010,Australia,Northern Territory,Livestock,Poultry,0
2010,Australia,Northern Territory,Livestock,Sheep and Lambs,0
2010,Australia,Australian Capital Territory,Crops,Barley,0
2010,Australia,Australian Capital Territory,Crops,Maize,0
2010,Australia,Australian Capital Territory,Crops,Oats,0
2010,Australia,Australian Capital Territory,Crops,Rice,0
2010,Australia,Australian Capital Territory,Crops,Sorghum,0
2010,Australia,Australian Capital Territory,Crops,Wheat,0.1
2010,Australia,Australian Capital Territory,Livestock,Eggs,3.4
2010,Australia,Australian Capital Territory,Livestock,Milk,0
2010,Australia,Australian Capital Territory,Livestock,Wool,0.1
2010,Australia,Australian Capital Territory,Livestock,Cattle and Calves,0
2010,Australia,Australian Capital Territory,Livestock,Pigs,0
2010,Australia,Australian Capital Territory,Livestock,Poultry,0
2010,Australia,Australian Capital Territory,Livestock,Sheep and Lambs,0
2011,Australia,New South Wales,Crops,Barley,471
2011,Australia,New South Wales,Crops,Maize,48.3
2011,Australia,New South Wales,Crops,Oats,93.4
2011,Australia,New South Wales,Crops,Rice,171.9
2011,Australia,New South Wales,Crops,Sorghum,159.5
2011,Australia,New South Wales,Crops,Wheat,2511.4
2011,Australia,New South Wales,Livestock,Eggs,193.8
2011,Australia,New South Wales,Livestock,Milk,504.7
2011,Australia,New South Wales,Livestock,Wool,852.7
2011,Australia,New South Wales,Livestock,Cattle and Calves,1616.1
2011,Australia,New South Wales,Livestock,Pigs,166.2
2011,Australia,New South Wales,Livestock,Poultry,686
2011,Australia,New South Wales,Livestock,Sheep and Lambs,609.8
2011,Australia,Victoria,Crops,Barley,416.1
2011,Australia,Victoria,Crops,Maize,3.3
2011,Australia,Victoria,Crops,Oats,47.7
2011,Australia,Victoria,Crops,Rice,0.6
2011,Australia,Victoria,Crops,Sorghum,0.3
2011,Australia,Victoria,Crops,Wheat,1075.1
2011,Australia,Victoria,Livestock,Eggs,150.9
2011,Australia,Victoria,Livestock,Milk,2483.4
2011,Australia,Victoria,Livestock,Wool,682.8
2011,Australia,Victoria,Livestock,Cattle and Calves,1369.6
2011,Australia,Victoria,Livestock,Pigs,183.2
2011,Australia,Victoria,Livestock,Poultry,518.5
2011,Australia,Victoria,Livestock,Sheep and Lambs,1092.2
2011,Australia,Queensland,Crops,Barley,26.9
2011,Australia,Queensland,Crops,Maize,40
2011,Australia,Queensland,Crops,Oats,1.5
2011,Australia,Queensland,Crops,Rice,0.6
2011,Australia,Queensland,Crops,Sorghum,251.7
2011,Australia,Queensland,Crops,Wheat,378.4
2011,Australia,Queensland,Livestock,Eggs,149
2011,Australia,Queensland,Livestock,Milk,257.5
2011,Australia,Queensland,Livestock,Wool,117.8
2011,Australia,Queensland,Livestock,Cattle and Calves,3418.1
2011,Australia,Queensland,Livestock,Pigs,221.3
2011,Australia,Queensland,Livestock,Poultry,395.5
2011,Australia,Queensland,Livestock,Sheep and Lambs,54.9
2011,Australia,South Australia,Crops,Barley,476.4
2011,Australia,South Australia,Crops,Maize,0.3
2011,Australia,South Australia,Crops,Oats,26.9
2011,Australia,South Australia,Crops,Rice,0
2011,Australia,South Australia,Crops,Sorghum,0.1
2011,Australia,South Australia,Crops,Wheat,1676
2011,Australia,South Australia,Livestock,Eggs,14.6
2011,Australia,South Australia,Livestock,Milk,217.7
2011,Australia,South Australia,Livestock,Wool,364.1
2011,Australia,South Australia,Livestock,Cattle and Calves,312.6
2011,Australia,South Australia,Livestock,Pigs,0
2011,Australia,South Australia,Livestock,Poultry,0
2011,Australia,South Australia,Livestock,Sheep and Lambs,529.4
2011,Australia,Western Australia,Crops,Barley,329.4
2011,Australia,Western Australia,Crops,Maize,0.5
2011,Australia,Western Australia,Crops,Oats,49.9
2011,Australia,Western Australia,Crops,Rice,0.5
2011,Australia,Western Australia,Crops,Sorghum,0.3
2011,Australia,Western Australia,Crops,Wheat,1403.5
2011,Australia,Western Australia,Livestock,Eggs,48.8
2011,Australia,Western Australia,Livestock,Milk,157
2011,Australia,Western Australia,Livestock,Wool,557.3
2011,Australia,Western Australia,Livestock,Cattle and Calves,609.3
2011,Australia,Western Australia,Livestock,Pigs,0
2011,Australia,Western Australia,Livestock,Poultry,0
2011,Australia,Western Australia,Livestock,Sheep and Lambs,530.9
2011,Australia,Tasmania,Crops,Barley,8.8
2011,Australia,Tasmania,Crops,Maize,0
2011,Australia,Tasmania,Crops,Oats,1.3
2011,Australia,Tasmania,Crops,Rice,0
2011,Australia,Tasmania,Crops,Sorghum,0
2011,Australia,Tasmania,Crops,Wheat,7.5
2011,Australia,Tasmania,Livestock,Eggs,12.6
2011,Australia,Tasmania,Livestock,Milk,311.6
2011,Australia,Tasmania,Livestock,Wool,96.5
2011,Australia,Tasmania,Livestock,Cattle and Calves,179.6
2011,Australia,Tasmania,Livestock,Pigs,0
2011,Australia,Tasmania,Livestock,Poultry,0
2011,Australia,Tasmania,Livestock,Sheep and Lambs,43.4
2011,Australia,Northern Territory,Crops,Barley,0
2011,Australia,Northern Territory,Crops,Maize,0
2011,Australia,Northern Territory,Crops,Oats,0
2011,Australia,Northern Territory,Crops,Rice,0
2011,Australia,Northern Territory,Crops,Sorghum,0
2011,Australia,Northern Territory,Crops,Wheat,0
2011,Australia,Northern Territory,Livestock,Eggs,0
2011,Australia,Northern Territory,Livestock,Milk,0
2011,Australia,Northern Territory,Livestock,Wool,0
2011,Australia,Northern Territory,Livestock,Cattle and Calves,315.4
2011,Australia,Northern Territory,Livestock,Pigs,0
2011,Australia,Northern Territory,Livestock,Poultry,0
2011,Australia,Northern Territory,Livestock,Sheep and Lambs,0
2011,Australia,Australian Capital Territory,Crops,Barley,0
2011,Australia,Australian Capital Territory,Crops,Maize,0
2011,Australia,Australian Capital Territory,Crops,Oats,0
2011,Australia,Australian Capital Territory,Crops,Rice,0
2011,Australia,Australian Capital Territory,Crops,Sorghum,0
2011,Australia,Australian Capital Territory,Crops,Wheat,0.1
2011,Australia,Australian Capital Territory,Livestock,Eggs,2.5
2011,Australia,Australian Capital Territory,Livestock,Milk,0
2011,Australia,Australian Capital Territory,Livestock,Wool,1.9
2011,Australia,Australian Capital Territory,Livestock,Cattle and Calves,3
2011,Australia,Australian Capital Territory,Livestock,Pigs,0
2011,Australia,Australian Capital Territory,Livestock,Poultry,0.2
2011,Australia,Australian Capital Territory,Livestock,Sheep and Lambs,1.4
2012,Australia,New South Wales,Crops,Barley,255.22
2012,Australia,New South Wales,Crops,Maize,55.6
2012,Australia,New South Wales,Crops,Oats,41.68
2012,Australia,New South Wales,Crops,Rice,246.33
2012,Australia,New South Wales,Crops,Sorghum,142.6
2012,Australia,New South Wales,Crops,Wheat,1594.92
2012,Australia,New South Wales,Livestock,Eggs,185.18
2012,Australia,New South Wales,Livestock,Milk,515.14
2012,Australia,New South Wales,Livestock,Wool,869.45
2012,Australia,New South Wales,Livestock,Cattle and Calves,1616.06
2012,Australia,New South Wales,Livestock,Pigs,181.44
2012,Australia,New South Wales,Livestock,Poultry,655.82
2012,Australia,New South Wales,Livestock,Sheep and Lambs,615.61
2012,Australia,Victoria,Crops,Barley,367.14
2012,Australia,Victoria,Crops,Maize,5.35
2012,Australia,Victoria,Crops,Oats,51.39
2012,Australia,Victoria,Crops,Rice,1.65
2012,Australia,Victoria,Crops,Sorghum,0.62
2012,Australia,Victoria,Crops,Wheat,866.93
2012,Australia,Victoria,Livestock,Eggs,142.86
2012,Australia,Victoria,Livestock,Milk,2522.07
2012,Australia,Victoria,Livestock,Wool,670.62
2012,Australia,Victoria,Livestock,Cattle and Calves,1322.87
2012,Australia,Victoria,Livestock,Pigs,181
2012,Australia,Victoria,Livestock,Poultry,533.53
2012,Australia,Victoria,Livestock,Sheep and Lambs,1134.73
2012,Australia,Queensland,Crops,Barley,39.54
2012,Australia,Queensland,Crops,Maize,50.77
2012,Australia,Queensland,Crops,Oats,3.82
2012,Australia,Queensland,Crops,Rice,0.05
2012,Australia,Queensland,Crops,Sorghum,278.5
2012,Australia,Queensland,Crops,Wheat,413.03
2012,Australia,Queensland,Livestock,Eggs,159.25
2012,Australia,Queensland,Livestock,Milk,259.51
2012,Australia,Queensland,Livestock,Wool,115.15
2012,Australia,Queensland,Livestock,Cattle and Calves,3450.06
2012,Australia,Queensland,Livestock,Pigs,211.9
2012,Australia,Queensland,Livestock,Poultry,429.52
2012,Australia,Queensland,Livestock,Sheep and Lambs,59.11
2012,Australia,South Australia,Crops,Barley,364.78
2012,Australia,South Australia,Crops,Maize,0.4
2012,Australia,South Australia,Crops,Oats,17.76
2012,Australia,South Australia,Crops,Rice,0
2012,Australia,South Australia,Crops,Sorghum,0
2012,Australia,South Australia,Crops,Wheat,1048.53
2012,Australia,South Australia,Livestock,Eggs,19.63
2012,Australia,South Australia,Livestock,Milk,233.52
2012,Australia,South Australia,Livestock,Wool,431.91
2012,Australia,South Australia,Livestock,Cattle and Calves,354.29
2012,Australia,South Australia,Livestock,Pigs,253.51
2012,Australia,South Australia,Livestock,Poultry,289.21
2012,Australia,South Australia,Livestock,Sheep and Lambs,550.75
2012,Australia,Western Australia,Crops,Barley,691.34
2012,Australia,Western Australia,Crops,Maize,0.62
2012,Australia,Western Australia,Crops,Oats,138.55
2012,Australia,Western Australia,Crops,Rice,0.02
2012,Australia,Western Australia,Crops,Sorghum,0.28
2012,Australia,Western Australia,Crops,Wheat,2843.61
2012,Australia,Western Australia,Livestock,Eggs,61.54
2012,Australia,Western Australia,Livestock,Milk,141.56
2012,Australia,Western Australia,Livestock,Wool,549.18
2012,Australia,Western Australia,Livestock,Cattle and Calves,523.49
2012,Australia,Western Australia,Livestock,Pigs,0
2012,Australia,Western Australia,Livestock,Poultry,0
2012,Australia,Western Australia,Livestock,Sheep and Lambs,484.72
2012,Australia,Tasmania,Crops,Barley,5.16
2012,Australia,Tasmania,Crops,Maize,0
2012,Australia,Tasmania,Crops,Oats,1.53
2012,Australia,Tasmania,Crops,Rice,0
2012,Australia,Tasmania,Crops,Sorghum,0
2012,Australia,Tasmania,Crops,Wheat,8.03
2012,Australia,Tasmania,Livestock,Eggs,11.58
2012,Australia,Tasmania,Livestock,Milk,314.58
2012,Australia,Tasmania,Livestock,Wool,95.88
2012,Australia,Tasmania,Livestock,Cattle and Calves,178.26
2012,Australia,Tasmania,Livestock,Pigs,0
2012,Australia,Tasmania,Livestock,Poultry,0
2012,Australia,Tasmania,Livestock,Sheep and Lambs,53.83
2012,Australia,Northern Territory,Crops,Barley,0
2012,Australia,Northern Territory,Crops,Maize,0.37
2012,Australia,Northern Territory,Crops,Oats,0
2012,Australia,Northern Territory,Crops,Rice,0
2012,Australia,Northern Territory,Crops,Sorghum,0.79
2012,Australia,Northern Territory,Crops,Wheat,0
2012,Australia,Northern Territory,Livestock,Eggs,0
2012,Australia,Northern Territory,Livestock,Milk,0
2012,Australia,Northern Territory,Livestock,Wool,0
2012,Australia,Northern Territory,Livestock,Cattle and Calves,337.06
2012,Australia,Northern Territory,Livestock,Pigs,0
2012,Australia,Northern Territory,Livestock,Poultry,0
2012,Australia,Northern Territory,Livestock,Sheep and Lambs,0
2012,Australia,Australian Capital Territory,Crops,Barley,0
2012,Australia,Australian Capital Territory,Crops,Maize,0
2012,Australia,Australian Capital Territory,Crops,Oats,0
2012,Australia,Australian Capital Territory,Crops,Rice,0
2012,Australia,Australian Capital Territory,Crops,Sorghum,0
2012,Australia,Australian Capital Territory,Crops,Wheat,0.06
2012,Australia,Australian Capital Territory,Livestock,Eggs,0
2012,Australia,Australian Capital Territory,Livestock,Milk,0
2012,Australia,Australian Capital Territory,Livestock,Wool,1.94
2012,Australia,Australian Capital Territory,Livestock,Cattle and Calves,2.38
2012,Australia,Australian Capital Territory,Livestock,Pigs,0
2012,Australia,Australian Capital Territory,Livestock,Poultry,0
2012,Australia,Australian Capital Territory,Livestock,Sheep and Lambs,1.21
2013,Australia,New South Wales,Crops,Barley,351.47
2013,Australia,New South Wales,Crops,Maize,61.31
2013,Australia,New South Wales,Crops,Oats,56.59
2013,Australia,New South Wales,Crops,Rice,300.98
2013,Australia,New South Wales,Crops,Sorghum,198.99
2013,Australia,New South Wales,Crops,Wheat,2288.92
2013,Australia,New South Wales,Livestock,Eggs,216.56
2013,Australia,New South Wales,Livestock,Milk,497.09
2013,Australia,New South Wales,Livestock,Wool,810.59
2013,Australia,New South Wales,Livestock,Cattle and Calves,1620.9
2013,Australia,New South Wales,Livestock,Pigs,179.07
2013,Australia,New South Wales,Livestock,Poultry,722.2
2013,Australia,New South Wales,Livestock,Sheep and Lambs,485.27
2013,Australia,Victoria,Crops,Barley,533.02
2013,Australia,Victoria,Crops,Maize,6.83
2013,Australia,Victoria,Crops,Oats,56.31
2013,Australia,Victoria,Crops,Rice,0.91
2013,Australia,Victoria,Crops,Sorghum,0.94
2013,Australia,Victoria,Crops,Wheat,1038.51
2013,Australia,Victoria,Livestock,Eggs,151.83
2013,Australia,Victoria,Livestock,Milk,2283.41
2013,Australia,Victoria,Livestock,Wool,573.79
2013,Australia,Victoria,Livestock,Cattle and Calves,1302.78
2013,Australia,Victoria,Livestock,Pigs,185.36
2013,Australia,Victoria,Livestock,Poultry,562.76
2013,Australia,Victoria,Livestock,Sheep and Lambs,923.26
2013,Australia,Queensland,Crops,Barley,47.05
2013,Australia,Queensland,Crops,Maize,51.22
2013,Australia,Queensland,Crops,Oats,2.96
2013,Australia,Queensland,Crops,Rice,0
2013,Australia,Queensland,Crops,Sorghum,360.36
2013,Australia,Queensland,Crops,Wheat,511.52
2013,Australia,Queensland,Livestock,Eggs,168.38
2013,Australia,Queensland,Livestock,Milk,244.98
2013,Australia,Queensland,Livestock,Wool,100.37
2013,Australia,Queensland,Livestock,Cattle and Calves,3460.8
2013,Australia,Queensland,Livestock,Pigs,216.24
2013,Australia,Queensland,Livestock,Poultry,461.18
2013,Australia,Queensland,Livestock,Sheep and Lambs,38.59
2013,Australia,South Australia,Crops,Barley,491.27
2013,Australia,South Australia,Crops,Maize,0.23
2013,Australia,South Australia,Crops,Oats,20.12
2013,Australia,South Australia,Crops,Rice,0
2013,Australia,South Australia,Crops,Sorghum,0.24
2013,Australia,South Australia,Crops,Wheat,1138.31
2013,Australia,South Australia,Livestock,Eggs,26.21
2013,Australia,South Australia,Livestock,Milk,205.13
2013,Australia,South Australia,Livestock,Wool,382.08
2013,Australia,South Australia,Livestock,Cattle and Calves,372.82
2013,Australia,South Australia,Livestock,Pigs,251.7
2013,Australia,South Australia,Livestock,Poultry,270.65
2013,Australia,South Australia,Livestock,Sheep and Lambs,379.29
2013,Australia,Western Australia,Crops,Barley,635.82
2013,Australia,Western Australia,Crops,Maize,0.78
2013,Australia,Western Australia,Crops,Oats,127.13
2013,Australia,Western Australia,Crops,Rice,0
2013,Australia,Western Australia,Crops,Sorghum,0.61
2013,Australia,Western Australia,Crops,Wheat,2167.05
2013,Australia,Western Australia,Livestock,Eggs,76.29
2013,Australia,Western Australia,Livestock,Milk,151.47
2013,Australia,Western Australia,Livestock,Wool,520.81
2013,Australia,Western Australia,Livestock,Cattle and Calves,463.03
2013,Australia,Western Australia,Livestock,Pigs,0
2013,Australia,Western Australia,Livestock,Poultry,0
2013,Australia,Western Australia,Livestock,Sheep and Lambs,337.39
2013,Australia,Tasmania,Crops,Barley,4.5
2013,Australia,Tasmania,Crops,Maize,0
2013,Australia,Tasmania,Crops,Oats,1.79
2013,Australia,Tasmania,Crops,Rice,0
2013,Australia,Tasmania,Crops,Sorghum,0
2013,Australia,Tasmania,Crops,Wheat,9.29
2013,Australia,Tasmania,Livestock,Eggs,13.74
2013,Australia,Tasmania,Livestock,Milk,305.26
2013,Australia,Tasmania,Livestock,Wool,82.23
2013,Australia,Tasmania,Livestock,Cattle and Calves,183.15
2013,Australia,Tasmania,Livestock,Pigs,0
2013,Australia,Tasmania,Livestock,Poultry,0
2013,Australia,Tasmania,Livestock,Sheep and Lambs,54.11
2013,Australia,Northern Territory,Crops,Barley,0
2013,Australia,Northern Territory,Crops,Maize,0
2013,Australia,Northern Territory,Crops,Oats,0
2013,Australia,Northern Territory,Crops,Rice,0
2013,Australia,Northern Territory,Crops,Sorghum,0.37
2013,Australia,Northern Territory,Crops,Wheat,0
2013,Australia,Northern Territory,Livestock,Eggs,0
2013,Australia,Northern Territory,Livestock,Milk,0
2013,Australia,Northern Territory,Livestock,Wool,0
2013,Australia,Northern Territory,Livestock,Cattle and Calves,319.53
2013,Australia,Northern Territory,Livestock,Pigs,0
2013,Australia,Northern Territory,Livestock,Poultry,0
2013,Australia,Northern Territory,Livestock,Sheep and Lambs,0
2013,Australia,Australian Capital Territory,Crops,Barley,0.06
2013,Australia,Australian Capital Territory,Crops,Maize,0
2013,Australia,Australian Capital Territory,Crops,Oats,0
2013,Australia,Australian Capital Territory,Crops,Rice,0
2013,Australia,Australian Capital Territory,Crops,Sorghum,0
2013,Australia,Australian Capital Territory,Crops,Wheat,0.13
2013,Australia,Australian Capital Territory,Livestock,Eggs,0
2013,Australia,Australian Capital Territory,Livestock,Milk,0
2013,Australia,Australian Capital Territory,Livestock,Wool,1.8
2013,Australia,Australian Capital Territory,Livestock,Cattle and Calves,2.38
2013,Australia,Australian Capital Territory,Livestock,Pigs,0
2013,Australia,Australian Capital Territory,Livestock,Poultry,0
2013,Australia,Australian Capital Territory,Livestock,Sheep and Lambs,0.97
2014,Australia,New South Wales,Crops,Barley,411.02
2014,Australia,New South Wales,Crops,Maize,58.48
2014,Australia,New South Wales,Crops,Oats,56.34
2014,Australia,New South Wales,Crops,Rice,276.02
2014,Australia,New South Wales,Crops,Sorghum,122.47
2014,Australia,New South Wales,Crops,Wheat,1898.38
2014,Australia,New South Wales,Livestock,Eggs,214.8
2014,Australia,New South Wales,Livestock,Milk,528.1
2014,Australia,New South Wales,Livestock,Wool,815.97
2014,Australia,New South Wales,Livestock,Cattle and Calves,1539.95
2014,Australia,New South Wales,Livestock,Pigs,199.72
2014,Australia,New South Wales,Livestock,Poultry,767.72
2014,Australia,New South Wales,Livestock,Sheep and Lambs,639.83
2014,Australia,Victoria,Crops,Barley,521.43
2014,Australia,Victoria,Crops,Maize,12.05
2014,Australia,Victoria,Crops,Oats,50.11
2014,Australia,Victoria,Crops,Rice,2.37
2014,Australia,Victoria,Crops,Sorghum,0.12
2014,Australia,Victoria,Crops,Wheat,1105.87
2014,Australia,Victoria,Livestock,Eggs,166.29
2014,Australia,Victoria,Livestock,Milk,3125.33
2014,Australia,Victoria,Livestock,Wool,584.57
2014,Australia,Victoria,Livestock,Cattle and Calves,1462.77
2014,Australia,Victoria,Livestock,Pigs,227.82
2014,Australia,Victoria,Livestock,Poultry,608.4
2014,Australia,Victoria,Livestock,Sheep and Lambs,957
2014,Australia,Queensland,Crops,Barley,49.77
2014,Australia,Queensland,Crops,Maize,43.72
2014,Australia,Queensland,Crops,Oats,0.59
2014,Australia,Queensland,Crops,Rice,0
2014,Australia,Queensland,Crops,Sorghum,261.2
2014,Australia,Queensland,Crops,Wheat,339.18
2014,Australia,Queensland,Livestock,Eggs,190.34
2014,Australia,Queensland,Livestock,Milk,231.38
2014,Australia,Queensland,Livestock,Wool,80.33
2014,Australia,Queensland,Livestock,Cattle and Calves,3890.1
2014,Australia,Queensland,Livestock,Pigs,261.65
2014,Australia,Queensland,Livestock,Poultry,494.15
2014,Australia,Queensland,Livestock,Sheep and Lambs,60.58
2014,Australia,South Australia,Crops,Barley,465.49
2014,Australia,South Australia,Crops,Maize,0
2014,Australia,South Australia,Crops,Oats,20.68
2014,Australia,South Australia,Crops,Rice,0
2014,Australia,South Australia,Crops,Sorghum,0
2014,Australia,South Australia,Crops,Wheat,1381.13
2014,Australia,South Australia,Livestock,Eggs,38.18
2014,Australia,South Australia,Livestock,Milk,256.04
2014,Australia,South Australia,Livestock,Wool,380.06
2014,Australia,South Australia,Livestock,Cattle and Calves,403.11
2014,Australia,South Australia,Livestock,Pigs,281.92
2014,Australia,South Australia,Livestock,Poultry,285.24
2014,Australia,South Australia,Livestock,Sheep and Lambs,491.1
2014,Australia,Western Australia,Crops,Barley,998.35
2014,Australia,Western Australia,Crops,Maize,1.38
2014,Australia,Western Australia,Crops,Oats,137.06
2014,Australia,Western Australia,Crops,Rice,0
2014,Australia,Western Australia,Crops,Sorghum,0.51
2014,Australia,Western Australia,Crops,Wheat,3261.57
2014,Australia,Western Australia,Livestock,Eggs,83.13
2014,Australia,Western Australia,Livestock,Milk,153.39
2014,Australia,Western Australia,Livestock,Wool,581.83
2014,Australia,Western Australia,Livestock,Cattle and Calves,578.74
2014,Australia,Western Australia,Livestock,Pigs,0
2014,Australia,Western Australia,Livestock,Poultry,0
2014,Australia,Western Australia,Livestock,Sheep and Lambs,409.93
2014,Australia,Tasmania,Crops,Barley,6.92
2014,Australia,Tasmania,Crops,Maize,0
2014,Australia,Tasmania,Crops,Oats,2.75
2014,Australia,Tasmania,Crops,Rice,0
2014,Australia,Tasmania,Crops,Sorghum,0
2014,Australia,Tasmania,Crops,Wheat,11.85
2014,Australia,Tasmania,Livestock,Eggs,0
2014,Australia,Tasmania,Livestock,Milk,435.18
2014,Australia,Tasmania,Livestock,Wool,0
2014,Australia,Tasmania,Livestock,Cattle and Calves,202.57
2014,Australia,Tasmania,Livestock,Pigs,0
2014,Australia,Tasmania,Livestock,Poultry,0
2014,Australia,Tasmania,Livestock,Sheep and Lambs,81.63
2014,Australia,Northern Territory,Crops,Barley,0
2014,Australia,Northern Territory,Crops,Maize,0
2014,Australia,Northern Territory,Crops,Oats,0
2014,Australia,Northern Territory,Crops,Rice,0.1
2014,Australia,Northern Territory,Crops,Sorghum,0
2014,Australia,Northern Territory,Crops,Wheat,0
2014,Australia,Northern Territory,Livestock,Eggs,0
2014,Australia,Northern Territory,Livestock,Milk,0
2014,Australia,Northern Territory,Livestock,Wool,0
2014,Australia,Northern Territory,Livestock,Cattle and Calves,464.85
2014,Australia,Northern Territory,Livestock,Pigs,0
2014,Australia,Northern Territory,Livestock,Poultry,0
2014,Australia,Northern Territory,Livestock,Sheep and Lambs,0
2014,Australia,Australian Capital Territory,Crops,Barley,0.06
2014,Australia,Australian Capital Territory,Crops,Maize,0
2014,Australia,Australian Capital Territory,Crops,Oats,0
2014,Australia,Australian Capital Territory,Crops,Rice,0
2014,Australia,Australian Capital Territory,Crops,Sorghum,0
2014,Australia,Australian Capital Territory,Crops,Wheat,0.09
2014,Australia,Australian Capital Territory,Livestock,Eggs,0
2014,Australia,Australian Capital Territory,Livestock,Milk,0
2014,Australia,Australian Capital Territory,Livestock,Wool,0
2014,Australia,Australian Capital Territory,Livestock,Cattle and Calves,1.84
2014,Australia,Australian Capital Territory,Livestock,Pigs,0
2014,Australia,Australian Capital Territory,Livestock,Poultry,0
2014,Australia,Australian Capital Territory,Livestock,Sheep and Lambs,0.88
2015,Australia,New South Wales,Crops,Barley,564.29
2015,Australia,New South Wales,Crops,Maize,78.74
2015,Australia,New South Wales,Crops,Oats,85.13
2015,Australia,New South Wales,Crops,Rice,271.59
2015,Australia,New South Wales,Crops,Sorghum,178.73
2015,Australia,New South Wales,Crops,Wheat,1964.04
2015,Australia,New South Wales,Livestock,Eggs,239.26
2015,Australia,New South Wales,Livestock,Milk,611.91
2015,Australia,New South Wales,Livestock,Wool,890
2015,Australia,New South Wales,Livestock,Cattle and Calves,2292.88
2015,Australia,New South Wales,Livestock,Pigs,193.81
2015,Australia,New South Wales,Livestock,Poultry,876.73
2015,Australia,New South Wales,Livestock,Sheep and Lambs,753.56
2015,Australia,Victoria,Crops,Barley,369.54
2015,Australia,Victoria,Crops,Maize,19.63
2015,Australia,Victoria,Crops,Oats,49.94
2015,Australia,Victoria,Crops,Rice,0.92
2015,Australia,Victoria,Crops,Sorghum,0.15
2015,Australia,Victoria,Crops,Wheat,781.7
2015,Australia,Victoria,Livestock,Eggs,150.62
2015,Australia,Victoria,Livestock,Milk,3008.57
2015,Australia,Victoria,Livestock,Wool,667.3
2015,Australia,Victoria,Livestock,Cattle and Calves,2011.94
2015,Australia,Victoria,Livestock,Pigs,266.21
2015,Australia,Victoria,Livestock,Poultry,617.64
2015,Australia,Victoria,Livestock,Sheep and Lambs,1352.16
2015,Australia,Queensland,Crops,Barley,79.05
2015,Australia,Queensland,Crops,Maize,63.08
2015,Australia,Queensland,Crops,Oats,4.18
2015,Australia,Queensland,Crops,Rice,0.01
2015,Australia,Queensland,Crops,Sorghum,485.77
2015,Australia,Queensland,Crops,Wheat,328.59
2015,Australia,Queensland,Livestock,Eggs,201.7
2015,Australia,Queensland,Livestock,Milk,235.8
2015,Australia,Queensland,Livestock,Wool,66.2
2015,Australia,Queensland,Livestock,Cattle and Calves,5076.28
2015,Australia,Queensland,Livestock,Pigs,269.88
2015,Australia,Queensland,Livestock,Poultry,587.98
2015,Australia,Queensland,Livestock,Sheep and Lambs,66.41
2015,Australia,South Australia,Crops,Barley,509.36
2015,Australia,South Australia,Crops,Maize,0
2015,Australia,South Australia,Crops,Oats,23.17
2015,Australia,South Australia,Crops,Rice,0
2015,Australia,South Australia,Crops,Sorghum,0
2015,Australia,South Australia,Crops,Wheat,1320.81
2015,Australia,South Australia,Livestock,Eggs,50.77
2015,Australia,South Australia,Livestock,Milk,238.02
2015,Australia,South Australia,Livestock,Wool,419.1
2015,Australia,South Australia,Livestock,Cattle and Calves,522.3
2015,Australia,South Australia,Livestock,Pigs,284.83
2015,Australia,South Australia,Livestock,Poultry,310.95
2015,Australia,South Australia,Livestock,Sheep and Lambs,556.31
2015,Australia,Western Australia,Crops,Barley,889.59
2015,Australia,Western Australia,Crops,Maize,1.84
2015,Australia,Western Australia,Crops,Oats,135.49
2015,Australia,Western Australia,Crops,Rice,0.06
2015,Australia,Western Australia,Crops,Sorghum,1.14
2015,Australia,Western Australia,Crops,Wheat,2716.35
2015,Australia,Western Australia,Livestock,Eggs,70.23
2015,Australia,Western Australia,Livestock,Milk,185.4
2015,Australia,Western Australia,Livestock,Wool,540.48
2015,Australia,Western Australia,Livestock,Cattle and Calves,655.05
2015,Australia,Western Australia,Livestock,Pigs,0
2015,Australia,Western Australia,Livestock,Poultry,0
2015,Australia,Western Australia,Livestock,Sheep and Lambs,478.9
2015,Australia,Tasmania,Crops,Barley,4.87
2015,Australia,Tasmania,Crops,Maize,0.08
2015,Australia,Tasmania,Crops,Oats,1.79
2015,Australia,Tasmania,Crops,Rice,0
2015,Australia,Tasmania,Crops,Sorghum,0
2015,Australia,Tasmania,Crops,Wheat,12.61
2015,Australia,Tasmania,Livestock,Eggs,16.14
2015,Australia,Tasmania,Livestock,Milk,442.38
2015,Australia,Tasmania,Livestock,Wool,91.3
2015,Australia,Tasmania,Livestock,Cattle and Calves,247.19
2015,Australia,Tasmania,Livestock,Pigs,0
2015,Australia,Tasmania,Livestock,Poultry,0
2015,Australia,Tasmania,Livestock,Sheep and Lambs,87.71
2015,Australia,Northern Territory,Crops,Barley,0
2015,Australia,Northern Territory,Crops,Maize,0
2015,Australia,Northern Territory,Crops,Oats,0
2015,Australia,Northern Territory,Crops,Rice,0.12
2015,Australia,Northern Territory,Crops,Sorghum,0
2015,Australia,Northern Territory,Crops,Wheat,0
2015,Australia,Northern Territory,Livestock,Eggs,0
2015,Australia,Northern Territory,Livestock,Milk,0
2015,Australia,Northern Territory,Livestock,Wool,0
2015,Australia,Northern Territory,Livestock,Cattle and Calves,722.05
2015,Australia,Northern Territory,Livestock,Pigs,0
2015,Australia,Northern Territory,Livestock,Poultry,0
2015,Australia,Northern Territory,Livestock,Sheep and Lambs,0
2015,Australia,Australian Capital Territory,Crops,Barley,0
2015,Australia,Australian Capital Territory,Crops,Maize,0
2015,Australia,Australian Capital Territory,Crops,Oats,0
2015,Australia,Australian Capital Territory,Crops,Rice,0
2015,Australia,Australian Capital Territory,Crops,Sorghum,0
2015,Australia,Australian Capital Territory,Crops,Wheat,0
2015,Australia,Australian Capital Territory,Livestock,Eggs,0.11
2015,Australia,Australian Capital Territory,Livestock,Milk,0
2015,Australia,Australian Capital Territory,Livestock,Wool,1.55
2015,Australia,Australian Capital Territory,Livestock,Cattle and Calves,2.79
2015,Australia,Australian Capital Territory,Livestock,Pigs,0
2015,Australia,Australian Capital Territory,Livestock,Poultry,0.01
2015,Australia,Australian Capital Territory,Livestock,Sheep and Lambs,1.31
2016,Australia,New South Wales,Crops,Barley,690.17
2016,Australia,New South Wales,Crops,Maize,54.64
2016,Australia,New South Wales,Crops,Oats,109.93
2016,Australia,New South Wales,Crops,Rice,109.9
2016,Australia,New South Wales,Crops,Sorghum,177.29
2016,Australia,New South Wales,Crops,Wheat,1863.58
2016,Australia,New South Wales,Livestock,Eggs,258.15
2016,Australia,New South Wales,Livestock,Milk,593.69
2016,Australia,New South Wales,Livestock,Wool,946.1
2016,Australia,New South Wales,Livestock,Cattle and Calves,2561.88
2016,Australia,New South Wales,Livestock,Pigs,212.36
2016,Australia,New South Wales,Livestock,Poultry,874.99
2016,Australia,New South Wales,Livestock,Sheep and Lambs,734.53
2016,Australia,Victoria,Crops,Barley,287.45
2016,Australia,Victoria,Crops,Maize,22.15
2016,Australia,Victoria,Crops,Oats,59.91
2016,Australia,Victoria,Crops,Rice,0.09
2016,Australia,Victoria,Crops,Sorghum,0.77
2016,Australia,Victoria,Crops,Wheat,494.78
2016,Australia,Victoria,Livestock,Eggs,205.04
2016,Australia,Victoria,Livestock,Milk,2645
2016,Australia,Victoria,Livestock,Wool,751.2
2016,Australia,Victoria,Livestock,Cattle and Calves,2238.02
2016,Australia,Victoria,Livestock,Pigs,318.11
2016,Australia,Victoria,Livestock,Poultry,682.89
2016,Australia,Victoria,Livestock,Sheep and Lambs,1322.58
2016,Australia,Queensland,Crops,Barley,102.46
2016,Australia,Queensland,Crops,Maize,52
2016,Australia,Queensland,Crops,Oats,6.94
2016,Australia,Queensland,Crops,Rice,4.65
2016,Australia,Queensland,Crops,Sorghum,312.05
2016,Australia,Queensland,Crops,Wheat,383.63
2016,Australia,Queensland,Livestock,Eggs,210.05
2016,Australia,Queensland,Livestock,Milk,236.7
2016,Australia,Queensland,Livestock,Wool,62.34
2016,Australia,Queensland,Livestock,Cattle and Calves,5860.59
2016,Australia,Queensland,Livestock,Pigs,320.48
2016,Australia,Queensland,Livestock,Poultry,589.93
2016,Australia,Queensland,Livestock,Sheep and Lambs,58.05
2016,Australia,South Australia,Crops,Barley,365.58
2016,Australia,South Australia,Crops,Maize,0.23
2016,Australia,South Australia,Crops,Oats,32.31
2016,Australia,South Australia,Crops,Rice,0
2016,Australia,South Australia,Crops,Sorghum,0.04
2016,Australia,South Australia,Crops,Wheat,927.25
2016,Australia,South Australia,Livestock,Eggs,23.05
2016,Australia,South Australia,Livestock,Milk,218.22
2016,Australia,South Australia,Livestock,Wool,447.54
2016,Australia,South Australia,Livestock,Cattle and Calves,682.67
2016,Australia,South Australia,Livestock,Pigs,326.58
2016,Australia,South Australia,Livestock,Poultry,382.62
2016,Australia,South Australia,Livestock,Sheep and Lambs,534.55
2016,Australia,Western Australia,Crops,Barley,825.48
2016,Australia,Western Australia,Crops,Maize,1.25
2016,Australia,Western Australia,Crops,Oats,187.34
2016,Australia,Western Australia,Crops,Rice,0
2016,Australia,Western Australia,Crops,Sorghum,1.42
2016,Australia,Western Australia,Crops,Wheat,2485.4
2016,Australia,Western Australia,Livestock,Eggs,69.85
2016,Australia,Western Australia,Livestock,Milk,202.49
2016,Australia,Western Australia,Livestock,Wool,660.94
2016,Australia,Western Australia,Livestock,Cattle and Calves,857.38
2016,Australia,Western Australia,Livestock,Pigs,0
2016,Australia,Western Australia,Livestock,Poultry,0
2016,Australia,Western Australia,Livestock,Sheep and Lambs,512.95
2016,Australia,Tasmania,Crops,Barley,5.1
2016,Australia,Tasmania,Crops,Maize,0.08
2016,Australia,Tasmania,Crops,Oats,1.45
2016,Australia,Tasmania,Crops,Rice,0
2016,Australia,Tasmania,Crops,Sorghum,0
2016,Australia,Tasmania,Crops,Wheat,14.64
2016,Australia,Tasmania,Livestock,Eggs,16.59
2016,Australia,Tasmania,Livestock,Milk,386.1
2016,Australia,Tasmania,Livestock,Wool,95.08
2016,Australia,Tasmania,Livestock,Cattle and Calves,314.31
2016,Australia,Tasmania,Livestock,Pigs,0
2016,Australia,Tasmania,Livestock,Poultry,0
2016,Australia,Tasmania,Livestock,Sheep and Lambs,75.52
2016,Australia,Northern Territory,Crops,Barley,0.31
2016,Australia,Northern Territory,Crops,Maize,0
2016,Australia,Northern Territory,Crops,Oats,0
2016,Australia,Northern Territory,Crops,Rice,0.11
2016,Australia,Northern Territory,Crops,Sorghum,0
2016,Australia,Northern Territory,Crops,Wheat,0.83
2016,Australia,Northern Territory,Livestock,Eggs,0
2016,Australia,Northern Territory,Livestock,Milk,0
2016,Australia,Northern Territory,Livestock,Wool,0
2016,Australia,Northern Territory,Livestock,Cattle and Calves,568.71
2016,Australia,Northern Territory,Livestock,Pigs,0
2016,Australia,Northern Territory,Livestock,Poultry,0
2016,Australia,Northern Territory,Livestock,Sheep and Lambs,0
2016,Australia,Australian Capital Territory,Crops,Barley,0
2016,Australia,Australian Capital Territory,Crops,Maize,0
2016,Australia,Australian Capital Territory,Crops,Oats,0
2016,Australia,Australian Capital Territory,Crops,Rice,0
2016,Australia,Australian Capital Territory,Crops,Sorghum,0
2016,Australia,Australian Capital Territory,Crops,Wheat,0.02
2016,Australia,Australian Capital Territory,Livestock,Eggs,0.07
2016,Australia,Australian Capital Territory,Livestock,Milk,0
2016,Australia,Australian Capital Territory,Livestock,Wool,1.66
2016,Australia,Australian Capital Territory,Livestock,Cattle and Calves,3.26
2016,Australia,Australian Capital Territory,Livestock,Pigs,0
2016,Australia,Australian Capital Territory,Livestock,Poultry,0
2016,Australia,Australian Capital Territory,Livestock,Sheep and Lambs,1.27
2017,Australia,New South Wales,Crops,Barley,600.77
2017,Australia,New South Wales,Crops,Maize,63.91
2017,Australia,New South Wales,Crops,Oats,132.84
2017,Australia,New South Wales,Crops,Rice,252.15
2017,Australia,New South Wales,Crops,Sorghum,96.63
2017,Australia,New South Wales,Crops,Wheat,2259.73
2017,Australia,New South Wales,Livestock,Eggs,255.51
2017,Australia,New South Wales,Livestock,Milk,548.79
2017,Australia,New South Wales,Livestock,Wool,1094.98
2017,Australia,New South Wales,Livestock,Cattle and Calves,2364.15
2017,Australia,New South Wales,Livestock,Pigs,224.42
2017,Australia,New South Wales,Livestock,Poultry,771.14
2017,Australia,New South Wales,Livestock,Sheep and Lambs,832.55
2017,Australia,Victoria,Crops,Barley,573.79
2017,Australia,Victoria,Crops,Maize,24.58
2017,Australia,Victoria,Crops,Oats,133.2
2017,Australia,Victoria,Crops,Rice,0
2017,Australia,Victoria,Crops,Sorghum,0.2
2017,Australia,Victoria,Crops,Wheat,1062.8
2017,Australia,Victoria,Livestock,Eggs,174.16
2017,Australia,Victoria,Livestock,Milk,2196.19
2017,Australia,Victoria,Livestock,Wool,857.72
2017,Australia,Victoria,Livestock,Cattle and Calves,1839.37
2017,Australia,Victoria,Livestock,Pigs,306.34
2017,Australia,Victoria,Livestock,Poultry,617.85
2017,Australia,Victoria,Livestock,Sheep and Lambs,1532.49
2017,Australia,Queensland,Crops,Barley,101.74
2017,Australia,Queensland,Crops,Maize,45.23
2017,Australia,Queensland,Crops,Oats,16.22
2017,Australia,Queensland,Crops,Rice,0.18
2017,Australia,Queensland,Crops,Sorghum,139.4
2017,Australia,Queensland,Crops,Wheat,361.39
2017,Australia,Queensland,Livestock,Eggs,234.36
2017,Australia,Queensland,Livestock,Milk,250.93
2017,Australia,Queensland,Livestock,Wool,76.49
2017,Australia,Queensland,Livestock,Cattle and Calves,5731.24
2017,Australia,Queensland,Livestock,Pigs,293.06
2017,Australia,Queensland,Livestock,Poultry,650.6
2017,Australia,Queensland,Livestock,Sheep and Lambs,9.14
2017,Australia,South Australia,Crops,Barley,512.78
2017,Australia,South Australia,Crops,Maize,0.18
2017,Australia,South Australia,Crops,Oats,47.01
2017,Australia,South Australia,Crops,Rice,0
2017,Australia,South Australia,Crops,Sorghum,0.01
2017,Australia,South Australia,Crops,Wheat,1226.18
2017,Australia,South Australia,Livestock,Eggs,50.67
2017,Australia,South Australia,Livestock,Milk,180.77
2017,Australia,South Australia,Livestock,Wool,492.97
2017,Australia,South Australia,Livestock,Cattle and Calves,609.43
2017,Australia,South Australia,Livestock,Pigs,347.02
2017,Australia,South Australia,Livestock,Poultry,0
2017,Australia,South Australia,Livestock,Sheep and Lambs,579.06
2017,Australia,Western Australia,Crops,Barley,859.95
2017,Australia,Western Australia,Crops,Maize,5.38
2017,Australia,Western Australia,Crops,Oats,216.52
2017,Australia,Western Australia,Crops,Rice,0
2017,Australia,Western Australia,Crops,Sorghum,0.59
2017,Australia,Western Australia,Crops,Wheat,2442.09
2017,Australia,Western Australia,Livestock,Eggs,86.7
2017,Australia,Western Australia,Livestock,Milk,192.05
2017,Australia,Western Australia,Livestock,Wool,825.53
2017,Australia,Western Australia,Livestock,Cattle and Calves,833.11
2017,Australia,Western Australia,Livestock,Pigs,162.88
2017,Australia,Western Australia,Livestock,Poultry,0
2017,Australia,Western Australia,Livestock,Sheep and Lambs,551.19
2017,Australia,Tasmania,Crops,Barley,8.78
2017,Australia,Tasmania,Crops,Maize,0.34
2017,Australia,Tasmania,Crops,Oats,1.45
2017,Australia,Tasmania,Crops,Rice,0
2017,Australia,Tasmania,Crops,Sorghum,0
2017,Australia,Tasmania,Crops,Wheat,13.61
2017,Australia,Tasmania,Livestock,Eggs,17.79
2017,Australia,Tasmania,Livestock,Milk,326.03
2017,Australia,Tasmania,Livestock,Wool,107.9
2017,Australia,Tasmania,Livestock,Cattle and Calves,294.68
2017,Australia,Tasmania,Livestock,Pigs,8.27
2017,Australia,Tasmania,Livestock,Poultry,0
2017,Australia,Tasmania,Livestock,Sheep and Lambs,58.69
2017,Australia,Northern Territory,Crops,Barley,0
2017,Australia,Northern Territory,Crops,Maize,0.17
2017,Australia,Northern Territory,Crops,Oats,0
2017,Australia,Northern Territory,Crops,Rice,0.11
2017,Australia,Northern Territory,Crops,Sorghum,0
2017,Australia,Northern Territory,Crops,Wheat,0
2017,Australia,Northern Territory,Livestock,Eggs,0
2017,Australia,Northern Territory,Livestock,Milk,0
2017,Australia,Northern Territory,Livestock,Wool,0
2017,Australia,Northern Territory,Livestock,Cattle and Calves,464.56
2017,Australia,Northern Territory,Livestock,Pigs,0
2017,Australia,Northern Territory,Livestock,Poultry,0
2017,Australia,Northern Territory,Livestock,Sheep and Lambs,0
2017,Australia,Australian Capital Territory,Crops,Barley,0
2017,Australia,Australian Capital Territory,Crops,Maize,0
2017,Australia,Australian Capital Territory,Crops,Oats,0
2017,Australia,Australian Capital Territory,Crops,Rice,0
2017,Australia,Australian Capital Territory,Crops,Sorghum,0
2017,Australia,Australian Capital Territory,Crops,Wheat,0.01
2017,Australia,Australian Capital Territory,Livestock,Eggs,0.4
2017,Australia,Australian Capital Territory,Livestock,Milk,0
2017,Australia,Australian Capital Territory,Livestock,Wool,2.2
2017,Australia,Australian Capital Territory,Livestock,Cattle and Calves,2.8
2017,Australia,Australian Capital Territory,Livestock,Pigs,0
2017,Australia,Australian Capital Territory,Livestock,Poultry,0
2017,Australia,Australian Capital Territory,Livestock,Sheep and Lambs,1.67
2018,Australia,New South Wales,Crops,Barley,340.18
2018,Australia,New South Wales,Crops,Maize,62.6
2018,Australia,New South Wales,Crops,Oats,55.7
2018,Australia,New South Wales,Crops,Rice,243.04
2018,Australia,New South Wales,Crops,Sorghum,87.72
2018,Australia,New South Wales,Crops,Wheat,1368.85
2018,Australia,New South Wales,Livestock,Eggs,263.1
2018,Australia,New South Wales,Livestock,Milk,566.22
2018,Australia,New South Wales,Livestock,Wool,1306.24
2018,Australia,New South Wales,Livestock,Cattle and Calves,2387.24
2018,Australia,New South Wales,Livestock,Pigs,200.62
2018,Australia,New South Wales,Livestock,Poultry,782.76
2018,Australia,New South Wales,Livestock,Sheep and Lambs,985.28
2018,Australia,Victoria,Crops,Barley,495.91
2018,Australia,Victoria,Crops,Maize,21.78
2018,Australia,Victoria,Crops,Oats,44.63
2018,Australia,Victoria,Crops,Rice,0
2018,Australia,Victoria,Crops,Sorghum,0
2018,Australia,Victoria,Crops,Wheat,965.83
2018,Australia,Victoria,Livestock,Eggs,205.57
2018,Australia,Victoria,Livestock,Milk,2634.6
2018,Australia,Victoria,Livestock,Wool,1394.5
2018,Australia,Victoria,Livestock,Cattle and Calves,2048.1
2018,Australia,Victoria,Livestock,Pigs,223.14
2018,Australia,Victoria,Livestock,Poultry,564.23
2018,Australia,Victoria,Livestock,Sheep and Lambs,1763.39
2018,Australia,Queensland,Crops,Barley,57.82
2018,Australia,Queensland,Crops,Maize,38.87
2018,Australia,Queensland,Crops,Oats,3.21
2018,Australia,Queensland,Crops,Rice,2.66
2018,Australia,Queensland,Crops,Sorghum,302.42
2018,Australia,Queensland,Crops,Wheat,246.18
2018,Australia,Queensland,Livestock,Eggs,224.77
2018,Australia,Queensland,Livestock,Milk,230.29
2018,Australia,Queensland,Livestock,Wool,98.28
2018,Australia,Queensland,Livestock,Cattle and Calves,5472.55
2018,Australia,Queensland,Livestock,Pigs,248.24
2018,Australia,Queensland,Livestock,Poultry,560.68
2018,Australia,Queensland,Livestock,Sheep and Lambs,10.74
2018,Australia,South Australia,Crops,Barley,407.74
2018,Australia,South Australia,Crops,Maize,0
2018,Australia,South Australia,Crops,Oats,22.26
2018,Australia,South Australia,Crops,Rice,0
2018,Australia,South Australia,Crops,Sorghum,0
2018,Australia,South Australia,Crops,Wheat,959.34
2018,Australia,South Australia,Livestock,Eggs,49.6
2018,Australia,South Australia,Livestock,Milk,216.69
2018,Australia,South Australia,Livestock,Wool,569
2018,Australia,South Australia,Livestock,Cattle and Calves,484.17
2018,Australia,South Australia,Livestock,Pigs,278.33
2018,Australia,South Australia,Livestock,Poultry,0
2018,Australia,South Australia,Livestock,Sheep and Lambs,575.23
2018,Australia,Western Australia,Crops,Barley,974.41
2018,Australia,Western Australia,Crops,Maize,5.9
2018,Australia,Western Australia,Crops,Oats,144.74
2018,Australia,Western Australia,Crops,Rice,0.01
2018,Australia,Western Australia,Crops,Sorghum,0.37
2018,Australia,Western Australia,Crops,Wheat,2144.42
2018,Australia,Western Australia,Livestock,Eggs,69.22
2018,Australia,Western Australia,Livestock,Milk,192.23
2018,Australia,Western Australia,Livestock,Wool,994.92
2018,Australia,Western Australia,Livestock,Cattle and Calves,796.23
2018,Australia,Western Australia,Livestock,Pigs,188.1
2018,Australia,Western Australia,Livestock,Poultry,0
2018,Australia,Western Australia,Livestock,Sheep and Lambs,583.74
2018,Australia,Tasmania,Crops,Barley,4.66
2018,Australia,Tasmania,Crops,Maize,1.35
2018,Australia,Tasmania,Crops,Oats,1.5
2018,Australia,Tasmania,Crops,Rice,0
2018,Australia,Tasmania,Crops,Sorghum,0
2018,Australia,Tasmania,Crops,Wheat,0
2018,Australia,Tasmania,Livestock,Eggs,15.31
2018,Australia,Tasmania,Livestock,Milk,429.48
2018,Australia,Tasmania,Livestock,Wool,116.62
2018,Australia,Tasmania,Livestock,Cattle and Calves,337
2018,Australia,Tasmania,Livestock,Pigs,7.37
2018,Australia,Tasmania,Livestock,Poultry,0
2018,Australia,Tasmania,Livestock,Sheep and Lambs,51.39
2018,Australia,Northern Territory,Crops,Barley,0
2018,Australia,Northern Territory,Crops,Maize,0
2018,Australia,Northern Territory,Crops,Oats,0
2018,Australia,Northern Territory,Crops,Rice,0.02
2018,Australia,Northern Territory,Crops,Sorghum,0
2018,Australia,Northern Territory,Crops,Wheat,0
2018,Australia,Northern Territory,Livestock,Eggs,0
2018,Australia,Northern Territory,Livestock,Milk,0
2018,Australia,Northern Territory,Livestock,Wool,0
2018,Australia,Northern Territory,Livestock,Cattle and Calves,492.03
2018,Australia,Northern Territory,Livestock,Pigs,0
2018,Australia,Northern Territory,Livestock,Poultry,0
2018,Australia,Northern Territory,Livestock,Sheep and Lambs,0
2018,Australia,Australian Capital Territory,Crops,Barley,0.01
2018,Australia,Australian Capital Territory,Crops,Maize,0
2018,Australia,Australian Capital Territory,Crops,Oats,0
2018,Australia,Australian Capital Territory,Crops,Rice,0
2018,Australia,Australian Capital Territory,Crops,Sorghum,0
2018,Australia,Australian Capital Territory,Crops,Wheat,0
2018,Australia,Australian Capital Territory,Livestock,Eggs,0.66
2018,Australia,Australian Capital Territory,Livestock,Milk,0
2018,Australia,Australian Capital Territory,Livestock,Wool,1.25
2018,Australia,Australian Capital Territory,Livestock,Cattle and Calves,2.41
2018,Australia,Australian Capital Territory,Livestock,Pigs,0
2018,Australia,Australian Capital Territory,Livestock,Poultry,1.16
2018,Australia,Australian Capital Territory,Livestock,Sheep and Lambs,0.94
2019,Australia,New South Wales,Crops,Barley,327.25
2019,Australia,New South Wales,Crops,Maize,63.34
2019,Australia,New South Wales,Crops,Oats,45.91
2019,Australia,New South Wales,Crops,Rice,31.41
2019,Australia,New South Wales,Crops,Sorghum,78.28
2019,Australia,New South Wales,Crops,Wheat,751.62
2019,Australia,New South Wales,Livestock,Eggs,238.81
2019,Australia,New South Wales,Livestock,Milk,592
2019,Australia,New South Wales,Livestock,Wool,1168.24
2019,Australia,New South Wales,Livestock,Cattle and Calves,2562.52
2019,Australia,New South Wales,Livestock,Pigs,193.76
2019,Australia,New South Wales,Livestock,Poultry,784.83
2019,Australia,New South Wales,Livestock,Sheep and Lambs,1100.48
2019,Australia,Victoria,Crops,Barley,461.59
2019,Australia,Victoria,Crops,Maize,30.06
2019,Australia,Victoria,Crops,Oats,65.86
2019,Australia,Victoria,Crops,Rice,0
2019,Australia,Victoria,Crops,Sorghum,0.9
2019,Australia,Victoria,Crops,Wheat,846.55
2019,Australia,Victoria,Livestock,Eggs,212.33
2019,Australia,Victoria,Livestock,Milk,2684.62
2019,Australia,Victoria,Livestock,Wool,1439.12
2019,Australia,Victoria,Livestock,Cattle and Calves,2368.97
2019,Australia,Victoria,Livestock,Pigs,258.77
2019,Australia,Victoria,Livestock,Poultry,585.12
2019,Australia,Victoria,Livestock,Sheep and Lambs,1934.58
2019,Australia,Queensland,Crops,Barley,53.75
2019,Australia,Queensland,Crops,Maize,38.81
2019,Australia,Queensland,Crops,Oats,3.82
2019,Australia,Queensland,Crops,Rice,2.63
2019,Australia,Queensland,Crops,Sorghum,319.32
2019,Australia,Queensland,Crops,Wheat,178.92
2019,Australia,Queensland,Livestock,Eggs,244.03
2019,Australia,Queensland,Livestock,Milk,218.54
2019,Australia,Queensland,Livestock,Wool,107.77
2019,Australia,Queensland,Livestock,Cattle and Calves,5802.56
2019,Australia,Queensland,Livestock,Pigs,289.04
2019,Australia,Queensland,Livestock,Poultry,586.74
2019,Australia,Queensland,Livestock,Sheep and Lambs,18.91
2019,Australia,South Australia,Crops,Barley,505.46
2019,Australia,South Australia,Crops,Maize,0
2019,Australia,South Australia,Crops,Oats,56.3
2019,Australia,South Australia,Crops,Rice,0
2019,Australia,South Australia,Crops,Sorghum,0
2019,Australia,South Australia,Crops,Wheat,1020.23
2019,Australia,South Australia,Livestock,Eggs,49.88
2019,Australia,South Australia,Livestock,Milk,234.15
2019,Australia,South Australia,Livestock,Wool,573.69
2019,Australia,South Australia,Livestock,Cattle and Calves,309.72
2019,Australia,South Australia,Livestock,Pigs,292.73
2019,Australia,South Australia,Livestock,Poultry,0
2019,Australia,South Australia,Livestock,Sheep and Lambs,524.62
2019,Australia,Western Australia,Crops,Barley,1655.78
2019,Australia,Western Australia,Crops,Maize,10.56
2019,Australia,Western Australia,Crops,Oats,242.43
2019,Australia,Western Australia,Crops,Rice,0
2019,Australia,Western Australia,Crops,Sorghum,3.15
2019,Australia,Western Australia,Crops,Wheat,3374.27
2019,Australia,Western Australia,Livestock,Eggs,67.39
2019,Australia,Western Australia,Livestock,Milk,187.82
2019,Australia,Western Australia,Livestock,Wool,975.8
2019,Australia,Western Australia,Livestock,Cattle and Calves,828.11
2019,Australia,Western Australia,Livestock,Pigs,180.08
2019,Australia,Western Australia,Livestock,Poultry,0
2019,Australia,Western Australia,Livestock,Sheep and Lambs,547.4
2019,Australia,Tasmania,Crops,Barley,9.82
2019,Australia,Tasmania,Crops,Maize,0.05
2019,Australia,Tasmania,Crops,Oats,2.17
2019,Australia,Tasmania,Crops,Rice,0
2019,Australia,Tasmania,Crops,Sorghum,0
2019,Australia,Tasmania,Crops,Wheat,0
2019,Australia,Tasmania,Livestock,Eggs,20.4
2019,Australia,Tasmania,Livestock,Milk,457.32
2019,Australia,Tasmania,Livestock,Wool,123.24
2019,Australia,Tasmania,Livestock,Cattle and Calves,341.68
2019,Australia,Tasmania,Livestock,Pigs,7.3
2019,Australia,Tasmania,Livestock,Poultry,0
2019,Australia,Tasmania,Livestock,Sheep and Lambs,49.31
2019,Australia,Northern Territory,Crops,Barley,0
2019,Australia,Northern Territory,Crops,Maize,0
2019,Australia,Northern Territory,Crops,Oats,0
2019,Australia,Northern Territory,Crops,Rice,0.27
2019,Australia,Northern Territory,Crops,Sorghum,0.1
2019,Australia,Northern Territory,Crops,Wheat,0
2019,Australia,Northern Territory,Livestock,Eggs,0
2019,Australia,Northern Territory,Livestock,Milk,0
2019,Australia,Northern Territory,Livestock,Wool,0
2019,Australia,Northern Territory,Livestock,Cattle and Calves,612.19
2019,Australia,Northern Territory,Livestock,Pigs,0
2019,Australia,Northern Territory,Livestock,Poultry,0
2019,Australia,Northern Territory,Livestock,Sheep and Lambs,0
2019,Australia,Australian Capital Territory,Crops,Barley,0
2019,Australia,Australian Capital Territory,Crops,Maize,0
2019,Australia,Australian Capital Territory,Crops,Oats,0
2019,Australia,Australian Capital Territory,Crops,Rice,0
2019,Australia,Australian Capital Territory,Crops,Sorghum,0
2019,Australia,Australian Capital Territory,Crops,Wheat,0
2019,Australia,Australian Capital Territory,Livestock,Eggs,0.05
2019,Australia,Australian Capital Territory,Livestock,Milk,0
2019,Australia,Australian Capital Territory,Livestock,Wool,1.72
2019,Australia,Australian Capital Territory,Livestock,Cattle and Calves,2.02
2019,Australia,Australian Capital Territory,Livestock,Pigs,0
2019,Australia,Australian Capital Territory,Livestock,Poultry,0.31
2019,Australia,Australian Capital Territory,Livestock,Sheep and Lambs,1.76
2020,Australia,New South Wales,Crops,Barley,284.47
2020,Australia,New South Wales,Crops,Maize,47.51
2020,Australia,New South Wales,Crops,Oats,75.28
2020,Australia,New South Wales,Crops,Rice,35.48
2020,Australia,New South Wales,Crops,Sorghum,29.73
2020,Australia,New South Wales,Crops,Wheat,648.93
2020,Australia,New South Wales,Livestock,Eggs,258.98
2020,Australia,New South Wales,Livestock,Milk,647.25
2020,Australia,New South Wales,Livestock,Wool,773.92
2020,Australia,New South Wales,Livestock,Cattle and Calves,2724.15
2020,Australia,New South Wales,Livestock,Pigs,245.91
2020,Australia,New South Wales,Livestock,Poultry,842.79
2020,Australia,New South Wales,Livestock,Sheep and Lambs,1359.95
2020,Australia,Victoria,Crops,Barley,850.36
2020,Australia,Victoria,Crops,Maize,25.68
2020,Australia,Victoria,Crops,Oats,70.45
2020,Australia,Victoria,Crops,Rice,0
2020,Australia,Victoria,Crops,Sorghum,1.16
2020,Australia,Victoria,Crops,Wheat,1265.77
2020,Australia,Victoria,Livestock,Eggs,174.57
2020,Australia,Victoria,Livestock,Milk,3011.64
2020,Australia,Victoria,Livestock,Wool,772.22
2020,Australia,Victoria,Livestock,Cattle and Calves,2912.16
2020,Australia,Victoria,Livestock,Pigs,344.47
2020,Australia,Victoria,Livestock,Poultry,581.18
2020,Australia,Victoria,Livestock,Sheep and Lambs,2212.58
2020,Australia,Queensland,Crops,Barley,29.49
2020,Australia,Queensland,Crops,Maize,28.35
2020,Australia,Queensland,Crops,Oats,10.32
2020,Australia,Queensland,Crops,Rice,2.76
2020,Australia,Queensland,Crops,Sorghum,121.61
2020,Australia,Queensland,Crops,Wheat,163.27
2020,Australia,Queensland,Livestock,Eggs,268.3
2020,Australia,Queensland,Livestock,Milk,211.54
2020,Australia,Queensland,Livestock,Wool,70.57
2020,Australia,Queensland,Livestock,Cattle and Calves,6546.87
2020,Australia,Queensland,Livestock,Pigs,363.39
2020,Australia,Queensland,Livestock,Poultry,568.41
2020,Australia,Queensland,Livestock,Sheep and Lambs,22.76
2020,Australia,South Australia,Crops,Barley,556.42
2020,Australia,South Australia,Crops,Maize,0
2020,Australia,South Australia,Crops,Oats,32.49
2020,Australia,South Australia,Crops,Rice,0
2020,Australia,South Australia,Crops,Sorghum,0
2020,Australia,South Australia,Crops,Wheat,851.95
2020,Australia,South Australia,Livestock,Eggs,52.78
2020,Australia,South Australia,Livestock,Milk,261.74
2020,Australia,South Australia,Livestock,Wool,403.57
2020,Australia,South Australia,Livestock,Cattle and Calves,341.78
2020,Australia,South Australia,Livestock,Pigs,334.63
2020,Australia,South Australia,Livestock,Poultry,0
2020,Australia,South Australia,Livestock,Sheep and Lambs,500.81
2020,Australia,Western Australia,Crops,Barley,1278.33
2020,Australia,Western Australia,Crops,Maize,24.26
2020,Australia,Western Australia,Crops,Oats,235.28
2020,Australia,Western Australia,Crops,Rice,0
2020,Australia,Western Australia,Crops,Sorghum,0.56
2020,Australia,Western Australia,Crops,Wheat,2001.57
2020,Australia,Western Australia,Livestock,Eggs,94.81
2020,Australia,Western Australia,Livestock,Milk,190.46
2020,Australia,Western Australia,Livestock,Wool,637.18
2020,Australia,Western Australia,Livestock,Cattle and Calves,899.07
2020,Australia,Western Australia,Livestock,Pigs,223.43
2020,Australia,Western Australia,Livestock,Poultry,0
2020,Australia,Western Australia,Livestock,Sheep and Lambs,689.59
2020,Australia,Tasmania,Crops,Barley,7.35
2020,Australia,Tasmania,Crops,Maize,0
2020,Australia,Tasmania,Crops,Oats,0
2020,Australia,Tasmania,Crops,Rice,0
2020,Australia,Tasmania,Crops,Sorghum,0
2020,Australia,Tasmania,Crops,Wheat,16.34
2020,Australia,Tasmania,Livestock,Eggs,31.74
2020,Australia,Tasmania,Livestock,Milk,506.34
2020,Australia,Tasmania,Livestock,Wool,86.84
2020,Australia,Tasmania,Livestock,Cattle and Calves,385.62
2020,Australia,Tasmania,Livestock,Pigs,7.26
2020,Australia,Tasmania,Livestock,Poultry,0
2020,Australia,Tasmania,Livestock,Sheep and Lambs,48.98
2020,Australia,Northern Territory,Crops,Barley,0
2020,Australia,Northern Territory,Crops,Maize,0
2020,Australia,Northern Territory,Crops,Oats,0
2020,Australia,Northern Territory,Crops,Rice,0.39
2020,Australia,Northern Territory,Crops,Sorghum,0
2020,Australia,Northern Territory,Crops,Wheat,0
2020,Australia,Northern Territory,Livestock,Eggs,0
2020,Australia,Northern Territory,Livestock,Milk,0
2020,Australia,Northern Territory,Livestock,Wool,0
2020,Australia,Northern Territory,Livestock,Cattle and Calves,759.2
2020,Australia,Northern Territory,Livestock,Pigs,0
2020,Australia,Northern Territory,Livestock,Poultry,0
2020,Australia,Northern Territory,Livestock,Sheep and Lambs,0
2020,Australia,Australian Capital Territory,Crops,Barley,0
2020,Australia,Australian Capital Territory,Crops,Maize,0
2020,Australia,Australian Capital Territory,Crops,Oats,0
2020,Australia,Australian Capital Territory,Crops,Rice,0
2020,Australia,Australian Capital Territory,Crops,Sorghum,0
2020,Australia,Australian Capital Territory,Crops,Wheat,0
2020,Australia,Australian Capital Territory,Livestock,Eggs,0.13
2020,Australia,Australian Capital Territory,Livestock,Milk,0
2020,Australia,Australian Capital Territory,Livestock,Wool,1.17
2020,Australia,Australian Capital Territory,Livestock,Cattle and Calves,1.78
2020,Australia,Australian Capital Territory,Livestock,Pigs,0
2020,Australia,Australian Capital Territory,Livestock,Poultry,0.47
2020,Australia,Australian Capital Territory,Livestock,Sheep and Lambs,2.05
2021,Australia,New South Wales,Crops,Barley,938.35
2021,Australia,New South Wales,Crops,Maize,64.16
2021,Australia,New South Wales,Crops,Oats,160.5
2021,Australia,New South Wales,Crops,Rice,171.85
2021,Australia,New South Wales,Crops,Sorghum,179.97
2021,Australia,New South Wales,Crops,Wheat,3815.9
2021,Australia,New South Wales,Livestock,Eggs,389.43
2021,Australia,New South Wales,Livestock,Milk,670.32
2021,Australia,New South Wales,Livestock,Wool,841.78
2021,Australia,New South Wales,Livestock,Cattle and Calves,2751.77
2021,Australia,New South Wales,Livestock,Pigs,251.78
2021,Australia,New South Wales,Livestock,Poultry,770.98
2021,Australia,New South Wales,Livestock,Sheep and Lambs,1262.47
2021,Australia,Victoria,Crops,Barley,729.51
2021,Australia,Victoria,Crops,Maize,16.73
2021,Australia,Victoria,Crops,Oats,97.79
2021,Australia,Victoria,Crops,Rice,0.71
2021,Australia,Victoria,Crops,Sorghum,1.63
2021,Australia,Victoria,Crops,Wheat,1393.58
2021,Australia,Victoria,Livestock,Eggs,219.96
2021,Australia,Victoria,Livestock,Milk,2864.39
2021,Australia,Victoria,Livestock,Wool,717.06
2021,Australia,Victoria,Livestock,Cattle and Calves,2583.77
2021,Australia,Victoria,Livestock,Pigs,335.24
2021,Australia,Victoria,Livestock,Poultry,669.89
2021,Australia,Victoria,Livestock,Sheep and Lambs,1899.18
2021,Australia,Queensland,Crops,Barley,121.39
2021,Australia,Queensland,Crops,Maize,26.33
2021,Australia,Queensland,Crops,Oats,15.19
2021,Australia,Queensland,Crops,Rice,1.68
2021,Australia,Queensland,Crops,Sorghum,355.68
2021,Australia,Queensland,Crops,Wheat,519.38
2021,Australia,Queensland,Livestock,Eggs,364.38
2021,Australia,Queensland,Livestock,Milk,206.71
2021,Australia,Queensland,Livestock,Wool,63.14
2021,Australia,Queensland,Livestock,Cattle and Calves,5901.82
2021,Australia,Queensland,Livestock,Pigs,367.03
2021,Australia,Queensland,Livestock,Poultry,600.16
2021,Australia,Queensland,Livestock,Sheep and Lambs,19.26
2021,Australia,South Australia,Crops,Barley,628.97
2021,Australia,South Australia,Crops,Maize,1.63
2021,Australia,South Australia,Crops,Oats,51.12
2021,Australia,South Australia,Crops,Rice,0
2021,Australia,South Australia,Crops,Sorghum,0.44
2021,Australia,South Australia,Crops,Wheat,1184.65
2021,Australia,South Australia,Livestock,Eggs,65.69
2021,Australia,South Australia,Livestock,Milk,262.79
2021,Australia,South Australia,Livestock,Wool,379.78
2021,Australia,South Australia,Livestock,Cattle and Calves,297.96
2021,Australia,South Australia,Livestock,Pigs,355.57
2021,Australia,South Australia,Livestock,Poultry,0
2021,Australia,South Australia,Livestock,Sheep and Lambs,497.42
2021,Australia,Western Australia,Crops,Barley,1301.66
2021,Australia,Western Australia,Crops,Maize,4.57
2021,Australia,Western Australia,Crops,Oats,214.56
2021,Australia,Western Australia,Crops,Rice,0
2021,Australia,Western Australia,Crops,Sorghum,0.81
2021,Australia,Western Australia,Crops,Wheat,2920.2
2021,Australia,Western Australia,Livestock,Eggs,67.93
2021,Australia,Western Australia,Livestock,Milk,193.63
2021,Australia,Western Australia,Livestock,Wool,570.25
2021,Australia,Western Australia,Livestock,Cattle and Calves,929.96
2021,Australia,Western Australia,Livestock,Pigs,240.59
2021,Australia,Western Australia,Livestock,Poultry,0
2021,Australia,Western Australia,Livestock,Sheep and Lambs,607.67
2021,Australia,Tasmania,Crops,Barley,8.51
2021,Australia,Tasmania,Crops,Maize,0.07
2021,Australia,Tasmania,Crops,Oats,2.11
2021,Australia,Tasmania,Crops,Rice,0
2021,Australia,Tasmania,Crops,Sorghum,0
2021,Australia,Tasmania,Crops,Wheat,17.23
2021,Australia,Tasmania,Livestock,Eggs,16.68
2021,Australia,Tasmania,Livestock,Milk,490.12
2021,Australia,Tasmania,Livestock,Wool,71.69
2021,Australia,Tasmania,Livestock,Cattle and Calves,416.25
2021,Australia,Tasmania,Livestock,Pigs,6.35
2021,Australia,Tasmania,Livestock,Poultry,50.33
2021,Australia,Tasmania,Livestock,Sheep and Lambs,44.71
2021,Australia,Northern Territory,Crops,Barley,0.09
2021,Australia,Northern Territory,Crops,Maize,0
2021,Australia,Northern Territory,Crops,Oats,0.19
2021,Australia,Northern Territory,Crops,Rice,0.15
2021,Australia,Northern Territory,Crops,Sorghum,1.23
2021,Australia,Northern Territory,Crops,Wheat,0
2021,Australia,Northern Territory,Livestock,Eggs,0
2021,Australia,Northern Territory,Livestock,Milk,0
2021,Australia,Northern Territory,Livestock,Wool,0
2021,Australia,Northern Territory,Livestock,Cattle and Calves,581.26
2021,Australia,Northern Territory,Livestock,Pigs,0
2021,Australia,Northern Territory,Livestock,Poultry,0
2021,Australia,Northern Territory,Livestock,Sheep and Lambs,0
2021,Australia,Australian Capital Territory,Crops,Barley,0
2021,Australia,Australian Capital Territory,Crops,Maize,0
2021,Australia,Australian Capital Territory,Crops,Oats,0.02
2021,Australia,Australian Capital Territory,Crops,Rice,0
2021,Australia,Australian Capital Territory,Crops,Sorghum,0
2021,Australia,Australian Capital Territory,Crops,Wheat,0
2021,Australia,Australian Capital Territory,Livestock,Eggs,0.34
2021,Australia,Australian Capital Territory,Livestock,Milk,0
2021,Australia,Australian Capital Territory,Livestock,Wool,1.08
2021,Australia,Australian Capital Territory,Livestock,Cattle and Calves,2.61
2021,Australia,Australian Capital Territory,Livestock,Pigs,0
2021,Australia,Australian Capital Territory,Livestock,Poultry,1.12
2021,Australia,Australian Capital Territory,Livestock,Sheep and Lambs,1.62
2022,Australia,New South Wales,Crops,Barley,964.9
2022,Australia,New South Wales,Crops,Maize,0
2022,Australia,New South Wales,Crops,Oats,105.81
2022,Australia,New South Wales,Crops,Rice,272.69
2022,Australia,New South Wales,Crops,Sorghum,356.68
2022,Australia,New South Wales,Crops,Wheat,3888.16
2022,Australia,New South Wales,Livestock,Eggs,314.31
2022,Australia,New South Wales,Livestock,Milk,686.88
2022,Australia,New South Wales,Livestock,Wool,1102.86
2022,Australia,New South Wales,Livestock,Cattle and Calves,3332.7
2022,Australia,New South Wales,Livestock,Pigs,229.6
2022,Australia,New South Wales,Livestock,Poultry,836.24
2022,Australia,New South Wales,Livestock,Sheep and Lambs,1484.79
2022,Australia,Victoria,Crops,Barley,671.33
2022,Australia,Victoria,Crops,Maize,0
2022,Australia,Victoria,Crops,Oats,69.84
2022,Australia,Victoria,Crops,Rice,0.67
2022,Australia,Victoria,Crops,Sorghum,0.79
2022,Australia,Victoria,Crops,Wheat,1641.19
2022,Australia,Victoria,Livestock,Eggs,174.9
2022,Australia,Victoria,Livestock,Milk,3018.89
2022,Australia,Victoria,Livestock,Wool,874.4
2022,Australia,Victoria,Livestock,Cattle and Calves,2935.16
2022,Australia,Victoria,Livestock,Pigs,333.77
2022,Australia,Victoria,Livestock,Poultry,782.32
2022,Australia,Victoria,Livestock,Sheep and Lambs,2157.65
2022,Australia,Queensland,Crops,Barley,174.12
2022,Australia,Queensland,Crops,Maize,0
2022,Australia,Queensland,Crops,Oats,20.54
2022,Australia,Queensland,Crops,Rice,1.32
2022,Australia,Queensland,Crops,Sorghum,656.69
2022,Australia,Queensland,Crops,Wheat,776.1
2022,Australia,Queensland,Livestock,Eggs,327.91
2022,Australia,Queensland,Livestock,Milk,209.35
2022,Australia,Queensland,Livestock,Wool,76.46
2022,Australia,Queensland,Livestock,Cattle and Calves,6825.59
2022,Australia,Queensland,Livestock,Pigs,388.65
2022,Australia,Queensland,Livestock,Poultry,630.7
2022,Australia,Queensland,Livestock,Sheep and Lambs,19
2022,Australia,South Australia,Crops,Barley,642.17
2022,Australia,South Australia,Crops,Maize,0
2022,Australia,South Australia,Crops,Oats,42.29
2022,Australia,South Australia,Crops,Rice,0
2022,Australia,South Australia,Crops,Sorghum,0
2022,Australia,South Australia,Crops,Wheat,1709.76
2022,Australia,South Australia,Livestock,Eggs,67.39
2022,Australia,South Australia,Livestock,Milk,263.17
2022,Australia,South Australia,Livestock,Wool,444.56
2022,Australia,South Australia,Livestock,Cattle and Calves,272.01
2022,Australia,South Australia,Livestock,Pigs,372.9
2022,Australia,South Australia,Livestock,Poultry,0
2022,Australia,South Australia,Livestock,Sheep and Lambs,514.55
2022,Australia,Western Australia,Crops,Barley,1897.71
2022,Australia,Western Australia,Crops,Maize,0
2022,Australia,Western Australia,Crops,Oats,278.49
2022,Australia,Western Australia,Crops,Rice,0
2022,Australia,Western Australia,Crops,Sorghum,1
2022,Australia,Western Australia,Crops,Wheat,5105.63
2022,Australia,Western Australia,Livestock,Eggs,66.76
2022,Australia,Western Australia,Livestock,Milk,187.83
2022,Australia,Western Australia,Livestock,Wool,654.87
2022,Australia,Western Australia,Livestock,Cattle and Calves,1029.22
2022,Australia,Western Australia,Livestock,Pigs,0
2022,Australia,Western Australia,Livestock,Poultry,0
2022,Australia,Western Australia,Livestock,Sheep and Lambs,692.26
2022,Australia,Tasmania,Crops,Barley,7.35
2022,Australia,Tasmania,Crops,Maize,0
2022,Australia,Tasmania,Crops,Oats,1.96
2022,Australia,Tasmania,Crops,Rice,0
2022,Australia,Tasmania,Crops,Sorghum,0
2022,Australia,Tasmania,Crops,Wheat,23.21
2022,Australia,Tasmania,Livestock,Eggs,15.74
2022,Australia,Tasmania,Livestock,Milk,505.77
2022,Australia,Tasmania,Livestock,Wool,73.54
2022,Australia,Tasmania,Livestock,Cattle and Calves,467.22
2022,Australia,Tasmania,Livestock,Pigs,0
2022,Australia,Tasmania,Livestock,Poultry,0
2022,Australia,Tasmania,Livestock,Sheep and Lambs,58.04
2022,Australia,Northern Territory,Crops,Barley,0
2022,Australia,Northern Territory,Crops,Maize,0
2022,Australia,Northern Territory,Crops,Oats,0
2022,Australia,Northern Territory,Crops,Rice,0.4
2022,Australia,Northern Territory,Crops,Sorghum,0
2022,Australia,Northern Territory,Crops,Wheat,0
2022,Australia,Northern Territory,Livestock,Eggs,0
2022,Australia,Northern Territory,Livestock,Milk,0
2022,Australia,Northern Territory,Livestock,Wool,0
2022,Australia,Northern Territory,Livestock,Cattle and Calves,455.77
2022,Australia,Northern Territory,Livestock,Pigs,0
2022,Australia,Northern Territory,Livestock,Poultry,0
2022,Australia,Northern Territory,Livestock,Sheep and Lambs,0
2022,Australia,Australian Capital Territory,Crops,Barley,0
2022,Australia,Australian Capital Territory,Crops,Maize,0
2022,Australia,Australian Capital Territory,Crops,Oats,0
2022,Australia,Australian Capital Territory,Crops,Rice,0
2022,Australia,Australian Capital Territory,Crops,Sorghum,0
2022,Australia,Australian Capital Territory,Crops,Wheat,0
2022,Australia,Australian Capital Territory,Livestock,Eggs,0.34
2022,Australia,Australian Capital Territory,Livestock,Milk,0
2022,Australia,Australian Capital Territory,Livestock,Wool,2.89
2022,Australia,Australian Capital Territory,Livestock,Cattle and Calves,3.74
2022,Australia,Australian Capital Territory,Livestock,Pigs,0
2022,Australia,Australian Capital Territory,Livestock,Poultry,1.15
2022,Australia,Australian Capital Territory,Livestock,Sheep and Lambs,3.89